INSERT INTO bird (bird_id, common_name, scientific_name, bird_sex_id) VALUES (1, 'Blue Jay', 'Cyanocitta cristata', 'MALE');
INSERT INTO bird (bird_id, common_name, scientific_name, bird_sex_id) VALUES (2, 'Blue Jay', 'Cyanocitta cristata', 'FEMALE');
INSERT INTO bird (bird_id, common_name, scientific_name, bird_sex_id) VALUES (3, 'American Kestrel', 'Falco sparverius', 'MALE');
INSERT INTO bird (bird_id, common_name, scientific_name, bird_sex_id) VALUES (4, 'American Kestrel', 'Falco sparverius', 'FEMALE');
INSERT INTO bird (bird_id, common_name, scientific_name, bird_sex_id) VALUES (5, 'American Crow', 'Corvus brachyrhynchos', 'MALE');
INSERT INTO bird (bird_id, common_name, scientific_name, bird_sex_id) VALUES (6, 'American Crow', 'Corvus brachyrhynchos', 'FEMALE');
INSERT INTO bird (bird_id, common_name, scientific_name, bird_sex_id) VALUES (7, 'Cardinal', 'Cardinalis cardinalis', 'MALE');
INSERT INTO bird (bird_id, common_name, scientific_name, bird_sex_id) VALUES (8, 'Cardinal', 'Cardinalis cardinalis', 'FEMALE');
INSERT INTO bird (bird_id, common_name, scientific_name, bird_sex_id) VALUES (9, 'American Robin', 'Turdus migratorius', 'MALE');
INSERT INTO bird (bird_id, common_name, scientific_name, bird_sex_id) VALUES (10, 'American Robin', 'Turdus migratorius', 'FEMALE');
INSERT INTO bird (bird_id, common_name, scientific_name, bird_sex_id) VALUES (11, 'American Goldfinch', 'Spinus tristis', 'MALE');
INSERT INTO bird (bird_id, common_name, scientific_name, bird_sex_id) VALUES (12, 'American Goldfinch', 'Spinus tristis', 'FEMALE');
INSERT INTO bird (bird_id, common_name, scientific_name, bird_sex_id) VALUES (13, 'Ruby-throated Hummingbird', 'Archilochus colubris', 'MALE');
INSERT INTO bird (bird_id, common_name, scientific_name, bird_sex_id) VALUES (14, 'Ruby-throated Hummingbird', 'Archilochus colubris', 'FEMALE');
INSERT INTO bird (bird_id, common_name, scientific_name, bird_sex_id) VALUES (15, 'Baltimore Oriole', 'Icterus galbula', 'MALE');
INSERT INTO bird (bird_id, common_name, scientific_name, bird_sex_id) VALUES (16, 'Baltimore Oriole', 'Icterus galbula', 'FEMALE');
INSERT INTO bird (bird_id, common_name, scientific_name, bird_sex_id) VALUES (17, 'Anhinga', 'Anhinga anhinga', 'MALE');
INSERT INTO bird (bird_id, common_name, scientific_name, bird_sex_id) VALUES (18, 'Anhinga', 'Anhinga anhinga', 'FEMALE');

INSERT INTO habitat (habitat_id, habitat_type, habitat_description) VALUES (1, 'AQUATIC', 'Include areas that are permanently or seasonally covered by water. The vegetation cover varies from bare cover to grasses, reeds, rushes, scrub, or a combination of various vegetation types. ');
INSERT INTO habitat (habitat_id, habitat_type, habitat_description) VALUES (2, 'FOREST', 'Include areas covered mainly with trees, show some layering and undergrowth. Recently disturbed forestland (cutover or wildfire) that currently has no forest cover is considered forest habitat as it is expected to revert to forest.');
INSERT INTO habitat (habitat_id, habitat_type, habitat_description) VALUES (3, 'NON-FOREST', 'Include areas covered with grass, shrubs, scrub, or a combination of several vegetation types. Generally, non-forest habitats show a single layer and, when present, a short undergrowth.');
INSERT INTO habitat (habitat_id, habitat_type, habitat_description) VALUES (4, 'MICRO-HABITAT', 'Include areas with a different composition, structure, or substrate that differs from the more extensive habitat. Microhabitats are diverse and generally are composed of a plant species, a plant community, or abiotic elements, all nested within a more extensive habitat.');

INSERT INTO bird_habitat (bird_id, habitat_id) VALUES (1, 2);
INSERT INTO bird_habitat (bird_id, habitat_id) VALUES (2, 2);
INSERT INTO bird_habitat (bird_id, habitat_id) VALUES (3, 3);
INSERT INTO bird_habitat (bird_id, habitat_id) VALUES (4, 3);
INSERT INTO bird_habitat (bird_id, habitat_id) VALUES (5, 3);
INSERT INTO bird_habitat (bird_id, habitat_id) VALUES (6, 3);
INSERT INTO bird_habitat (bird_id, habitat_id) VALUES (7, 2);
INSERT INTO bird_habitat (bird_id, habitat_id) VALUES (8, 2);
INSERT INTO bird_habitat (bird_id, habitat_id) VALUES (9, 4);
INSERT INTO bird_habitat (bird_id, habitat_id) VALUES (10, 4);
INSERT INTO bird_habitat (bird_id, habitat_id) VALUES (11, 2);
INSERT INTO bird_habitat (bird_id, habitat_id) VALUES (12, 2);
INSERT INTO bird_habitat (bird_id, habitat_id) VALUES (13, 3);
INSERT INTO bird_habitat (bird_id, habitat_id) VALUES (14, 3);
INSERT INTO bird_habitat (bird_id, habitat_id) VALUES (15, 2);
INSERT INTO bird_habitat (bird_id, habitat_id) VALUES (16, 2);
INSERT INTO bird_habitat (bird_id, habitat_id) VALUES (17, 1);
INSERT INTO bird_habitat (bird_id, habitat_id) VALUES (18, 1);

INSERT INTO coloration (coloration_pk, bird_id, beak_color_id, head_color_id, torso_color_id, wing_color_id) VALUES (1, 1, 'black', 'blue-gray', 'blue', 'white');
INSERT INTO coloration (coloration_pk, bird_id, beak_color_id, head_color_id, torso_color_id, wing_color_id) VALUES (2, 2, 'black', 'blue-gray', 'blue', 'white');
INSERT INTO coloration (coloration_pk, bird_id, beak_color_id, head_color_id, torso_color_id, wing_color_id) VALUES (3, 3, 'slate-blue', 'slate-blue', 'gray', 'brown');
INSERT INTO coloration (coloration_pk, bird_id, beak_color_id, head_color_id, torso_color_id, wing_color_id) VALUES (4, 4, 'slate-blue', 'blue-gray', 'gray', 'blue');
INSERT INTO coloration (coloration_pk, bird_id, beak_color_id, head_color_id, torso_color_id, wing_color_id) VALUES (5, 5, 'black', 'black', 'black', 'black');
INSERT INTO coloration (coloration_pk, bird_id, beak_color_id, head_color_id, torso_color_id, wing_color_id) VALUES (6, 6, 'black', 'black', 'black', 'black');
INSERT INTO coloration (coloration_pk, bird_id, beak_color_id, head_color_id, torso_color_id, wing_color_id) VALUES (7, 7, 'orange', 'red', 'red', 'red');
INSERT INTO coloration (coloration_pk, bird_id, beak_color_id, head_color_id, torso_color_id, wing_color_id) VALUES (8, 8, 'orange', 'pale-brown and red', 'pale-brown and red', 'pale-brown and red');
INSERT INTO coloration (coloration_pk, bird_id, beak_color_id, head_color_id, torso_color_id, wing_color_id) VALUES (9, 9, 'yellow', 'black', 'orange', 'gray');
INSERT INTO coloration (coloration_pk, bird_id, beak_color_id, head_color_id, torso_color_id, wing_color_id) VALUES (10, 10, 'yellow', 'gray', 'orange', 'gray');
INSERT INTO coloration (coloration_pk, bird_id, beak_color_id, head_color_id, torso_color_id, wing_color_id) VALUES (11, 11, 'orange', 'black and yellow', 'yellow', 'black');
INSERT INTO coloration (coloration_pk, bird_id, beak_color_id, head_color_id, torso_color_id, wing_color_id) VALUES (12, 12, 'orange', 'black and yellow', 'muted yellow', 'gray');
INSERT INTO coloration (coloration_pk, bird_id, beak_color_id, head_color_id, torso_color_id, wing_color_id) VALUES (13, 13, 'black', 'red and green', 'green and white', 'brown');
INSERT INTO coloration (coloration_pk, bird_id, beak_color_id, head_color_id, torso_color_id, wing_color_id) VALUES (14, 14, 'black', 'white and green', 'green and white', 'brown');
INSERT INTO coloration (coloration_pk, bird_id, beak_color_id, head_color_id, torso_color_id, wing_color_id) VALUES (15, 15, 'gray', 'yellow-orange', 'yellow-orange', 'gray');
INSERT INTO coloration (coloration_pk, bird_id, beak_color_id, head_color_id, torso_color_id, wing_color_id) VALUES (16, 16, 'gray', 'black', 'orange', 'black');
INSERT INTO coloration (coloration_pk, bird_id, beak_color_id, head_color_id, torso_color_id, wing_color_id) VALUES (17, 17, 'orange', 'black-blue', 'black-blue', 'black and white');
INSERT INTO coloration (coloration_pk, bird_id, beak_color_id, head_color_id, torso_color_id, wing_color_id) VALUES (18, 18, 'orange', 'brown', 'black', 'gray');